Seq #,Issue #,Date,Topic / Proposal Title,PEP #,Vote Link,Voting Method,Tally Method,Yes Votes,No Votes,Abstain Votes,Draft / Text Link (PR),Discussion Link
1,2,2023-11-28,"What are the subtyping rules for `tuple[T, ...]`?",484,https://github.com/python/typing-council/issues/2,Checkbox Sign-off,Interpolated Unanimous Tally,5,0,0,N/A (No PR linked),N/A (No Discussion linked)
2,3,2023-11-29,Adopt the initial Python typing spec,N/A,https://github.com/python/typing-council/issues/3,Checkbox Sign-off,Interpolated Unanimous Tally,5,0,0,https://github.com/python/typing/pull/1517,https://discuss.python.org/t/proposed-initial-typing-spec/39389.
3,5,2024-01-10,Allow `NoReturn` to appear outside of function return type annotations,N/A,https://github.com/python/typing-council/issues/5,Checkbox Sign-off,Interpolated Unanimous Tally,5,0,0,https://github.com/python/typing/pull/1570,N/A (No Discussion linked)
4,6,2024-01-11,Allow typevartuples in Union (Revisiting a last minute removal from pep 646),646,https://github.com/python/typing-council/issues/6,Checkbox Sign-off,Interpolated Unanimous Tally,5,0,0,N/A (No PR linked),https://discuss.python.org/t/a-more-useful-and-less-divisive-future-for-typing/34225/99
5,7,2024-01-12,Allow unary + in Literal integers,N/A,https://github.com/python/typing-council/issues/7,Checkbox Sign-off,Interpolated Unanimous Tally,5,0,0,N/A (No PR linked),"https://discuss.python.org/t/signed-values-in-literal-type/39919,"
6,8,2024-01-12,Do not reject use of covariant or contravariant TypeVars in a function,N/A,https://github.com/python/typing-council/issues/8,Checkbox Sign-off,Checkbox Sign-off Tally,5,0,0,https://github.com/python/typing/pull/1576,https://discuss.python.org/t/rejecting-the-use-of-a-covariant-contravariant-typevar-in-a-function-or-type-alias/42769/4
7,9,2024-01-13,Treat triple-quoted type annotation expressions as implicitly parenthesized,N/A,https://github.com/python/typing-council/issues/9,Checkbox Sign-off,Checkbox Sign-off Tally,5,0,0,https://github.com/python/typing/pull/1578,https://discuss.python.org/t/newlines-within-triple-quoted-type-expressions/42833
8,10,2024-01-16,Pep 724 - Formal request to accept,724,https://github.com/python/typing-council/issues/10,Checkbox Sign-off,Interpolated Unanimous Tally,5,0,0,N/A (No PR linked),https://discuss.python.org/t/pep-724-stricter-type-guards/34124
9,11,2024-01-20,Typing spec update for enumerations,N/A,https://github.com/python/typing-council/issues/11,Checkbox Sign-off,Checkbox Sign-off Tally,5,0,0,https://github.com/python/typing/pull/1591,https://discuss.python.org/t/draft-of-typing-spec-chapter-for-enums/43496/9
10,12,2024-01-24,PEP 696,696,https://github.com/python/typing-council/issues/12,Checkbox Sign-off,Interpolated Unanimous Tally,5,0,0,N/A (No PR linked),https://discuss.python.org/t/pep-696-type-defaults-for-typevarlikes/22569/6
11,13,2024-01-24,Typing spec update for tuples,N/A,https://github.com/python/typing-council/issues/13,Checkbox Sign-off,Checkbox Sign-off Tally,5,0,0,https://github.com/python/typing/pull/1599,https://discuss.python.org/t/draft-of-typing-spec-chapter-for-tuples/43701
12,14,2024-02-01,Decision on PEP 705,705,https://github.com/python/typing-council/issues/14,Checkbox Sign-off,Interpolated Unanimous Tally,5,0,0,N/A (No PR linked),N/A (No Discussion linked)
13,16,2024-02-03,`@no_type_check` decorator,N/A,https://github.com/python/typing-council/issues/16,Checkbox Sign-off,Checkbox Sign-off Tally,5,0,0,https://github.com/python/typing/pull/1615,https://discuss.python.org/t/no-type-check-decorator/43119
14,17,2024-02-03,Typing spec update for named tuples,N/A,https://github.com/python/typing-council/issues/17,Checkbox Sign-off,Checkbox Sign-off Tally,5,0,0,https://github.com/python/typing/pull/1614,https://discuss.python.org/t/draft-of-typing-spec-chapter-for-named-tuples/44519
15,18,2024-02-10,Typing spec change for `Annotated` special form,N/A,https://github.com/python/typing-council/issues/18,Checkbox Sign-off,Checkbox Sign-off Tally,5,0,0,https://github.com/python/typing/pull/1618,https://discuss.python.org/t/is-annotated-compatible-with-type-t/43898
16,19,2024-02-11,Clarification on pre-3.8 way to specify positional-only parameters,N/A,https://github.com/python/typing-council/issues/19,Checkbox Sign-off,Checkbox Sign-off Tally,5,0,0,https://github.com/python/typing/pull/1619,https://discuss.python.org/t/ambiguities-about-positional-only-parameters/42328
17,20,2024-02-21,Typing spec change: TypeGuard/bool compatibility,N/A,https://github.com/python/typing-council/issues/20,Checkbox Sign-off,Checkbox Sign-off Tally,5,0,0,https://github.com/python/typing/pull/1637,https://discuss.python.org/t/compatibility-between-typeguard-and-bool/46364.
18,21,2024-03-08,PEP 742: Narrowing types with TypeIs,742,https://github.com/python/typing-council/issues/21,Checkbox Sign-off,Interpolated Unanimous Tally,5,0,0,N/A (No PR linked),https://discuss.python.org/t/pep-742-narrowing-types-with-typeis/45613.
19,22,2024-03-14,PEP 728: TypedDict with Typed Extra Items,728,https://github.com/python/typing-council/issues/22,Checkbox Sign-off,Interpolated Unanimous Tally,5,0,0,N/A (No PR linked),https://discuss.python.org/t/pep-728-typeddict-with-typed-extra-items/45443/1
20,23,2024-03-31,[Withdrawn] Typing spec update handling Any as a base type,N/A,https://github.com/python/typing-council/issues/23,Checkbox Sign-off,Interpolated Unanimous Tally,5,0,0,https://github.com/python/typing/pull/1672,https://discuss.python.org/t/take-2-rules-for-subclassing-any/47981
21,24,2024-04-03,Typing spec update for Final and dataclasses,N/A,https://github.com/python/typing-council/issues/24,Checkbox Sign-off,Checkbox Sign-off Tally,5,0,0,https://github.com/python/typing/pull/1669,N/A (No Discussion linked)
22,25,2024-04-05,Typing spec update for constructors,N/A,https://github.com/python/typing-council/issues/25,Checkbox Sign-off,Checkbox Sign-off Tally,5,0,0,https://github.com/python/typing/pull/1667,https://discuss.python.org/t/draft-typing-spec-chapter-for-constructors/49744/17
23,26,2024-04-08,"Typing spec update for defining ""type expression"" and other terms",N/A,https://github.com/python/typing-council/issues/26,Checkbox Sign-off,Checkbox Sign-off Tally,5,0,0,N/A (No PR linked),https://discuss.python.org/t/basic-terminology-for-types-and-type-forms/46741.
24,27,2024-04-20,Typing spec update for exceptions / context managers,N/A,https://github.com/python/typing-council/issues/27,Checkbox Sign-off,Checkbox Sign-off Tally,5,0,0,https://github.com/python/typing/pull/1718,https://discuss.python.org/t/draft-of-typing-spec-chapter-for-exceptions/51002
25,28,2024-05-04,Typing spec update for callables,N/A,https://github.com/python/typing-council/issues/28,Checkbox Sign-off,Checkbox Sign-off Tally,5,0,0,https://github.com/python/typing/pull/1723,https://discuss.python.org/t/expanded-typing-spec-chapter-for-callables/51486
26,30,2024-06-11,Typing spec update revising typeshed's position in the module resolution order,N/A,https://github.com/python/typing-council/issues/30,Checkbox Sign-off,Checkbox Sign-off Tally,5,0,0,https://github.com/python/typing/pull/1772,https://discuss.python.org/t/pep-561-s-module-resolution-order-seems-incorrect/55048
27,31,2024-06-17,Typing spec update: core concepts and definitions,N/A,https://github.com/python/typing-council/issues/31,Checkbox Sign-off,Checkbox Sign-off Tally,5,0,0,https://github.com/python/typing/pull/1743,https://discuss.python.org/t/formalizing-core-definitions-in-the-typing-spec/54785
28,32,2024-06-18,Typing spec update: Improve spec for Annotated,N/A,https://github.com/python/typing-council/issues/32,Checkbox Sign-off,Checkbox Sign-off Tally,5,0,0,N/A (No PR linked),https://discuss.python.org/t/proposed-spec-changes-for-annotated/55807
29,33,2024-06-21,Typing spec update: PEP 712 `converter` in `dataclasses` Field spec params,712,https://github.com/python/typing-council/issues/33,Checkbox Sign-off,Checkbox Sign-off Tally,5,0,0,https://github.com/python/typing/pull/1783,https://discuss.python.org/t/discuss-adding-converter-to-dataclass-transform/55125
30,34,2024-08-17,Typing spec update: syntax and supported constructs for stub files,N/A,https://github.com/python/typing-council/issues/34,Checkbox Sign-off,Checkbox Sign-off Tally,5,0,0,https://github.com/python/typing/pull/1815,https://discuss.python.org/t/merging-the-type-stubs-doc-into-the-rest-of-the-typing-documentation/58853
31,35,2024-08-22,Typing spec update: `type[]` distributes over unions,N/A,https://github.com/python/typing-council/issues/35,Checkbox Sign-off,Checkbox Sign-off Tally,5,0,0,https://github.com/python/typing/pull/1841,https://discuss.python.org/t/specs-clarification-type-a-b-is-equivalent-the-same-as-type-a-type-b/60912
32,36,2024-09-27,Typing spec update: a non-ReadOnly item in a TypedDict cannot be redeclared as ReadOnly,N/A,https://github.com/python/typing-council/issues/36,Checkbox Sign-off,Checkbox Sign-off Tally,5,0,0,https://github.com/python/typing/pull/1859,https://discuss.python.org/t/can-a-non-readonly-item-in-a-typeddict-be-redeclared-as-readonly/65082
33,38,2024-10-31,Typing spec update: clarifications to user-defined generic classes,N/A,https://github.com/python/typing-council/issues/38,Checkbox Sign-off,Checkbox Sign-off Tally,5,0,0,https://github.com/python/typing/pull/1879,https://discuss.python.org/t/clarifying-the-rules-for-subclassing-generic-classes/69698
34,39,2024-12-01,Typing spec update: `ClassVar` and `Final` within `TypedDict`,N/A,https://github.com/python/typing-council/issues/39,Checkbox Sign-off,Checkbox Sign-off Tally,5,0,0,https://github.com/python/typing/pull/1890,https://discuss.python.org/t/72880
35,40,2025-01-25,Typing spec update for overloads,N/A,https://github.com/python/typing-council/issues/40,Checkbox Sign-off,Checkbox Sign-off Tally,5,0,0,https://github.com/python/typing/pull/1839,https://discuss.python.org/t/draft-typing-spec-chapter-for-overloads/60788
36,42,2025-03-04,Clarification on imports of Final variables,591,https://github.com/python/typing-council/issues/42,Checkbox Sign-off,Checkbox Sign-off Tally,5,0,0,https://github.com/python/typing/pull/1937,https://discuss.python.org/t/specs-clarification-type-a-b-is-equivalent-the-same-as-type-a-type-b/60912
37,43,2025-03-17,Typing specification update: Allow bare `typing.ClassVar` qualifiers,N/A,https://github.com/python/typing-council/issues/43,Checkbox Sign-off,Checkbox Sign-off Tally,5,0,0,https://github.com/python/typing/pull/1931,https://discuss.python.org/t/81705/9
38,44,2025-06-17,PEP 747: Annotating Type Forms,747,https://github.com/python/typing-council/issues/44,Checkbox Sign-off,Interpolated Unanimous Tally,5,0,0,https://github.com/python/mypy/pull/18690,https://discuss.python.org/t/pep-747-typeexpr-type-hint-for-a-type-expression/55984
39,45,2025-06-29,Spec change: clarify that assert_type() uses equivalence,N/A,https://github.com/python/typing-council/issues/45,Checkbox Sign-off,Checkbox Sign-off Tally,4,1,0,https://github.com/python/typing/pull/2011,https://discuss.python.org/t/specify-that-assert-type-checks-for-equivalence/92967
40,46,2025-06-29,Spec change: float/int promotion is implemented through implicit unions,N/A,https://github.com/python/typing-council/issues/46,Checkbox Sign-off,Checkbox Sign-off Tally,3,2,0,https://github.com/python/typing/pull/1748,https://discuss.python.org/t/clarifying-the-float-int-complex-special-case/54018/30
41,47,2025-07-07,Spec change: clarify namedtuple member rules,N/A,https://github.com/python/typing-council/issues/47,Checkbox Sign-off,Checkbox Sign-off Tally,4,1,0,https://github.com/python/typing/pull/1979,https://discuss.python.org/t/adding-namedtuple-member-naming-rules-to-the-typing-spec/88882
42,48,2025-08-20,Spec change: TypedDict rewrite,N/A,https://github.com/python/typing-council/issues/48,Checkbox Sign-off,Checkbox Sign-off Tally,4,1,0,https://github.com/python/typing/pull/2072,N/A (No Discussion linked)
43,49,2026-01-08,PEP 800,800,https://github.com/python/typing-council/issues/49,Checkbox Sign-off,Interpolated Unanimous Tally,5,0,0,N/A (No PR linked),https://discuss.python.org/t/pep-800-solid-bases-in-the-type-system/99910
44,50,2026-01-22,Spec change: Clarify that `tuple` should not be prohibited as an argument to `type`,N/A,https://github.com/python/typing-council/issues/50,Checkbox Sign-off,Checkbox Sign-off Tally,3,2,0,https://github.com/python/typing/pull/2146,https://discuss.python.org/t/spec-change-clarify-that-tuple-should-not-be-prohibited-as-an-argument-to-type/105590
45,51,2026-01-28,Spec change: Change the typing spec around string references,N/A,https://github.com/python/typing-council/issues/51,Checkbox Sign-off,Checkbox Sign-off Tally,5,0,0,https://github.com/python/typing/pull/2144,https://discuss.python.org/t/annotation-string-references-in-class-scope-in-conformance-tests/105439
46,52,2026-02-12,Spec Change : Additional detail and option for platform checks.,N/A,https://github.com/python/typing-council/issues/52,Checkbox Sign-off,Checkbox Sign-off Tally,0,4,0,https://github.com/python/typing/pull/2173,https://discuss.python.org/t/proposal-to-improve-support-for-other-python-platforms-in-the-typing-specification/91877
47,53,2026-02-25,Spec Change:  Class Access of Self Variables,N/A,https://github.com/python/typing-council/issues/53,Checkbox Sign-off,Checkbox Sign-off Tally,0,5,0,https://github.com/python/typing/pull/2148,https://discuss.python.org/t/disallow-access-to-class-variables-with-self/105434
48,54,2026-03-30,Spec change: Do not mandate TypeVarTuple inference rules,N/A,https://github.com/python/typing-council/issues/54,Checkbox Sign-off,Checkbox Sign-off Tally,5,0,0,https://github.com/python/typing/pull/2203,https://discuss.python.org/t/spec-change-inference-with-typevartuple/106394
49,56,2026-04-15,Spec change: ambiguous arguments in overload call evaluation,N/A,https://github.com/python/typing-council/issues/56,Checkbox Sign-off,Checkbox Sign-off Tally,2,3,0,https://github.com/python/typing/pull/2250,https://discuss.python.org/t/spec-change-ambiguous-arguments-in-overload-call-evaluation/106891
50,57,2026-04-16,Spec change: Allow type checkers to ignore specific error codes,N/A,https://github.com/python/typing-council/issues/57,Checkbox Sign-off,Checkbox Sign-off Tally,5,0,0,https://github.com/python/typing/pull/2153,https://discuss.python.org/t/allow-type-ignore-mypy-style-error-codes-in-conformance-tests/105433
51,58,2026-04-17,"Spec change: explicitly permit (statically known) conditional fields in TypedDict, NamedTuple, Enum, and dataclasses",N/A,https://github.com/python/typing-council/issues/58,Checkbox Sign-off,Checkbox Sign-off Tally,5,0,0,https://github.com/python/typing/pull/2263,https://discuss.python.org/t/allowing-typeddict-items-to-be-defined-conditionally-via-statically-known-conditions/102973
52,59,2026-04-23,spec change: support variance on parameter specification and type variable tuple,N/A,https://github.com/python/typing-council/issues/59,Checkbox Sign-off,Checkbox Sign-off Tally,5,0,0,https://github.com/python/typing/pull/2215,N/A (No Discussion linked)
53,60,2026-04-25,PEP 718,718,https://github.com/python/typing-council/issues/60,Checkbox Sign-off,Checkbox Sign-off Tally,0,5,0,N/A (No PR linked),https://discuss.python.org/t/pep-718-subscriptable-functions/28457
54,61,2026-04-25,PEP 718,718,https://github.com/python/typing-council/issues/61,Checkbox Sign-off,Checkbox Sign-off Tally,0,5,0,N/A (No PR linked),https://discuss.python.org/t/pep-718-subscriptable-functions/28457
55,63,2026-08-07,Spec change: Do not require an error for a generic class attribute,N/A,https://github.com/python/typing-council/issues/63,Checkbox Sign-off,Checkbox Sign-off Tally,5,0,0,https://github.com/python/typing/pull/2008,https://discuss.python.org/t/spec-change-do-not-require-an-error-for-a-generic-class-attribute/108456
56,64,2026-08-15,Spec change: Update/clarify rules and tests for TypedDict unpacking into function call,N/A,https://github.com/python/typing-council/issues/64,Checkbox Sign-off,Checkbox Sign-off Tally,3,2,0,https://github.com/python/typing/pull/2338,https://discuss.python.org/t/spec-change-proposal-updating-clarifying-rules-for-unpacking-typeddicts-in-function-calls/108582
57,65,2026-08-27,Spec change: allow more precise gradual types than Any for ambiguous overload returns,N/A,https://github.com/python/typing-council/issues/65,Checkbox Sign-off,Checkbox Sign-off Tally,5,0,0,https://github.com/python/typing/pull/2350,https://discuss.python.org/t/permitting-more-precise-inferred-types-from-ambiguous-overloads/108776
58,66,2026-08-31,Review Request: PEP 835 – Shorthand syntax for Annotated type metadata,835,https://github.com/python/typing-council/issues/66,Checkbox Sign-off,Checkbox Sign-off Tally,0,5,0,N/A (No PR linked),https://discuss.python.org/t/pep-835-shorthand-syntax-for-annotated-type-metadata/107814
59,N/A,2018-11-13,Discourse poll on ballot secrecy (public vs. private ballots) for the PEP 8001 governance vote,8001,https://discuss.python.org/t/pep-8001-python-governance-voting-process/233,Straw Poll,Interpolated Unanimous Tally,5,0,0,N/A (No PR linked),https://discuss.python.org/t/pep-8001-python-governance-voting-process/233
60,N/A,2018-11-15,"""Straw poll: Which governance proposals do you like best?"" — non-binding sentiment poll across competing post-BDFL governance PEPs",8011,https://discuss.python.org/t/straw-poll-which-governance-proposals-do-you-like-best/436,Straw Poll,Interpolated Unanimous Tally,5,0,0,N/A (No PR linked),https://discuss.python.org/t/straw-poll-which-governance-proposals-do-you-like-best/436
61,N/A,2018-11-15,"""Straw poll: Which governance proposals do you like best?"" — non-binding sentiment poll across competing post-BDFL governance PEPs",8012,https://discuss.python.org/t/straw-poll-which-governance-proposals-do-you-like-best/436,Straw Poll,Interpolated Unanimous Tally,5,0,0,N/A (No PR linked),https://discuss.python.org/t/straw-poll-which-governance-proposals-do-you-like-best/436
62,N/A,2018-11-15,"""Straw poll: Which governance proposals do you like best?"" — non-binding sentiment poll across competing post-BDFL governance PEPs",8013,https://discuss.python.org/t/straw-poll-which-governance-proposals-do-you-like-best/436,Straw Poll,Interpolated Unanimous Tally,5,0,0,N/A (No PR linked),https://discuss.python.org/t/straw-poll-which-governance-proposals-do-you-like-best/436
63,N/A,2018-11-15,"""Straw poll: Which governance proposals do you like best?"" — non-binding sentiment poll across competing post-BDFL governance PEPs",8014,https://discuss.python.org/t/straw-poll-which-governance-proposals-do-you-like-best/436,Straw Poll,Interpolated Unanimous Tally,5,0,0,N/A (No PR linked),https://discuss.python.org/t/straw-poll-which-governance-proposals-do-you-like-best/436
64,N/A,2018-11-15,"""Straw poll: Which governance proposals do you like best?"" — non-binding sentiment poll across competing post-BDFL governance PEPs",8015,https://discuss.python.org/t/straw-poll-which-governance-proposals-do-you-like-best/436,Straw Poll,Interpolated Unanimous Tally,5,0,0,N/A (No PR linked),https://discuss.python.org/t/straw-poll-which-governance-proposals-do-you-like-best/436
65,N/A,2018-11-15,"""Straw poll: Which governance proposals do you like best?"" — non-binding sentiment poll across competing post-BDFL governance PEPs",8016,https://discuss.python.org/t/straw-poll-which-governance-proposals-do-you-like-best/436,Straw Poll,Interpolated Unanimous Tally,5,0,0,N/A (No PR linked),https://discuss.python.org/t/straw-poll-which-governance-proposals-do-you-like-best/436
66,N/A,2018-12-17,"Governance vote: PEP 8016 ""The Steering Council Model"" selected as Python's post-BDFL governance model",8016,https://discuss.python.org/t/python-governance-vote-december-2018-results/546,Straw Poll,Interpolated Unanimous Tally,5,0,0,N/A (No PR linked),https://discuss.python.org/t/python-governance-vote-december-2018-results/546
67,N/A,2019-10-05,"""PEP 13 and the number of votes"" — discussion/vote on Steering Council ballot rules",13,https://discuss.python.org/t/pep-13-and-the-number-of-votes/2416,Straw Poll,Interpolated Unanimous Tally,5,0,0,N/A (No PR linked),https://discuss.python.org/t/pep-13-and-the-number-of-votes/2416
68,N/A,2019-10-24,Amendment to PEP 13 to allow approval voting for Steering Council elections,13,https://discuss.python.org/t/amendment-to-pep-13-to-allow-approval-voting/2428,Straw Poll,Interpolated Unanimous Tally,5,0,0,N/A (No PR linked),https://discuss.python.org/t/amendment-to-pep-13-to-allow-approval-voting/2428
69,N/A,2020-11-18,"""Gauging sentiment on pattern matching"" — Steering Council straw poll on PEP 634",634,https://discuss.python.org/t/gauging-sentiment-on-pattern-matching/5770,Straw Poll,Interpolated Unanimous Tally,5,0,0,N/A (No PR linked),https://discuss.python.org/t/gauging-sentiment-on-pattern-matching/5770
70,N/A,2021-02-09,Steering Council accepts Pattern Matching PEPs 634/635/636; rejects PEPs 640 and 642,634,https://mail.python.org/archives/list/python-committers@python.org/message/SQC2FTLFV5A7DV7RCEAR2I2IKJKGK7W3/,Straw Poll,Interpolated Unanimous Tally,5,0,0,N/A (No PR linked),N/A (No Discussion linked)
71,N/A,2021-02-09,Steering Council accepts Pattern Matching PEPs 634/635/636; rejects PEPs 640 and 642,635,https://mail.python.org/archives/list/python-committers@python.org/message/SQC2FTLFV5A7DV7RCEAR2I2IKJKGK7W3/,Straw Poll,Interpolated Unanimous Tally,5,0,0,N/A (No PR linked),N/A (No Discussion linked)
72,N/A,2021-02-09,Steering Council accepts Pattern Matching PEPs 634/635/636; rejects PEPs 640 and 642,636,https://mail.python.org/archives/list/python-committers@python.org/message/SQC2FTLFV5A7DV7RCEAR2I2IKJKGK7W3/,Straw Poll,Interpolated Unanimous Tally,5,0,0,N/A (No PR linked),N/A (No Discussion linked)
73,N/A,2021-02-09,Steering Council accepts Pattern Matching PEPs 634/635/636; rejects PEPs 640 and 642,640,https://mail.python.org/archives/list/python-committers@python.org/message/SQC2FTLFV5A7DV7RCEAR2I2IKJKGK7W3/,Straw Poll,Interpolated Unanimous Tally,5,0,0,N/A (No PR linked),N/A (No Discussion linked)
74,N/A,2021-02-09,Steering Council accepts Pattern Matching PEPs 634/635/636; rejects PEPs 640 and 642,642,https://mail.python.org/archives/list/python-committers@python.org/message/SQC2FTLFV5A7DV7RCEAR2I2IKJKGK7W3/,Straw Poll,Interpolated Unanimous Tally,5,0,0,N/A (No PR linked),N/A (No Discussion linked)
75,N/A,2023-06-20,"""What do you want to see in tomorrow's CPython build system?"" — informal Discourse poll feeding the build-system PEP",N/A,https://discuss.python.org/t/what-do-you-want-to-see-in-tomorrow-s-cpython-build-system/28197,Straw Poll,Interpolated Unanimous Tally,5,0,0,N/A (No PR linked),https://discuss.python.org/t/what-do-you-want-to-see-in-tomorrow-s-cpython-build-system/28197
76,N/A,2023-06-27,Poll: core-dev feedback to the Steering Council on making CPython free-threaded,703,https://discuss.python.org/t/poll-feedback-to-the-sc-on-making-cpython-free-threaded-and-pep-703/28540,Straw Poll,Interpolated Unanimous Tally,5,0,0,N/A (No PR linked),https://discuss.python.org/t/poll-feedback-to-the-sc-on-making-cpython-free-threaded-and-pep-703/28540
77,N/A,2023-07-28,Steering Council notice on PEP 703 poll results — intent to accept no-GIL CPython,703,https://discuss.python.org/t/a-steering-council-notice-about-pep-703-making-the-global-interpreter-lock-optional-in-cpython/30474,Straw Poll,Interpolated Unanimous Tally,5,0,0,N/A (No PR linked),https://discuss.python.org/t/a-steering-council-notice-about-pep-703-making-the-global-interpreter-lock-optional-in-cpython/30474
78,N/A,2023-08-17,"""What do you consider pain points of today's build system?"" — follow-up informal Discourse poll on the CPython build system",N/A,https://discuss.python.org/t/what-do-you-consider-pain-points-of-todays-build-system/31815,Straw Poll,Interpolated Unanimous Tally,5,0,0,N/A (No PR linked),https://discuss.python.org/t/what-do-you-consider-pain-points-of-todays-build-system/31815
79,N/A,2023-10-04,"PEP 729 ""Typing governance process"" — creation of the Typing Council discussed/endorsed",729,https://discuss.python.org/t/pep-729-typing-governance-process/35362,Straw Poll,Interpolated Unanimous Tally,5,0,0,N/A (No PR linked),https://discuss.python.org/t/pep-729-typing-governance-process/35362
80,N/A,2023-10-24,PEP 703 (Making the GIL Optional in CPython) formally accepted by the Steering Council,703,https://discuss.python.org/t/pep-703-making-the-global-interpreter-lock-optional-in-cpython-acceptance/37075,Straw Poll,Interpolated Unanimous Tally,5,0,0,N/A (No PR linked),https://discuss.python.org/t/pep-703-making-the-global-interpreter-lock-optional-in-cpython-acceptance/37075
81,N/A,2024-09-11,"""How to enact changes to PEP 13"" — poll on adopting STAR voting for Steering Council elections",13,https://discuss.python.org/t/how-to-enact-changes-to-pep-13/63636,Straw Poll,Interpolated Unanimous Tally,5,0,0,N/A (No PR linked),https://discuss.python.org/t/how-to-enact-changes-to-pep-13/63636
82,N/A,2024-09-25,"""Changing PEP 13 to adopt Bloc STAR voting"" — formal poll to replace approval voting",13,https://discuss.python.org/t/changing-pep-13-to-adopt-bloc-star-voting/64971,Straw Poll,Interpolated Unanimous Tally,5,0,0,N/A (No PR linked),https://discuss.python.org/t/changing-pep-13-to-adopt-bloc-star-voting/64971
83,N/A,2024-12-10,PEP 13 amendment: added a one-week deadline for seconding a vote of no confidence in a Steering Council member,13,https://discuss.python.org/t/72293/4,Straw Poll,Interpolated Unanimous Tally,5,0,0,N/A (No PR linked),https://discuss.python.org/t/72293/4
84,N/A,2025-08-13,PSF Board resolution (10-0-0) conditionally authorizing creation of the Packaging Council,772,https://peps.python.org/pep-0772/,Straw Poll,Interpolated Unanimous Tally,5,0,0,N/A (No PR linked),N/A (No Discussion linked)
85,N/A,2025-08-25,PyPA committer vote process finalized for PEP 772 (Packaging Council governance),772,https://discuss.python.org/t/pypa-committer-vote-process-for-pep-772/103309,Straw Poll,Interpolated Unanimous Tally,5,0,0,N/A (No PR linked),https://discuss.python.org/t/pypa-committer-vote-process-for-pep-772/103309
86,N/A,2025-10-23,Poll about PEP 798 (Unpacking in Comprehensions) — Steering Council poll to gauge core-team sentiment,798,https://discuss.python.org/t/poll-about-pep-798-unpacking-in-comprehensions/104528,Straw Poll,Interpolated Unanimous Tally,5,0,0,N/A (No PR linked),https://discuss.python.org/t/poll-about-pep-798-unpacking-in-comprehensions/104528
87,N/A,2025-10-28,"""[VOTE] Changing PEP 13 to clarify tiebreaking for SC elections"" — formal committer vote (closed Nov 12, 2025)",13,https://discuss.python.org/t/vote-changing-pep-13-to-clarify-tiebreaking-for-sc-elections/104607,Straw Poll,Interpolated Unanimous Tally,5,0,0,N/A (No PR linked),https://discuss.python.org/t/vote-changing-pep-13-to-clarify-tiebreaking-for-sc-elections/104607
88,N/A,2026-04-06,PyPA-committers vote on Packaging Council governance process opens,772,https://discuss.python.org/t/pep-772-packaging-council-governance-process-round-3/100181,Straw Poll,Interpolated Unanimous Tally,5,0,0,N/A (No PR linked),https://discuss.python.org/t/pep-772-packaging-council-governance-process-round-3/100181
89,N/A,2026-04-14,PyPA-committers vote closes — unanimous adoption (30/30 in favor),772,https://lwn.net/Articles/1068704/,Straw Poll,Interpolated Unanimous Tally,5,0,0,N/A (No PR linked),N/A (No Discussion linked)
90,N/A,2026-04-16,"Steering Council formally accepts PEP 772, establishing the Python Packaging Council",772,https://discuss.python.org/t/pep-772-packaging-council-governance-process-round-3/100181/118,Straw Poll,Interpolated Unanimous Tally,5,0,0,N/A (No PR linked),https://discuss.python.org/t/pep-772-packaging-council-governance-process-round-3/100181/118
91,N/A,2026-07,2026 Python Packaging Council inaugural nominations open (parallel with PSF Board election),772,https://blog.python.org/2026/07/2026-packaging-council-nominations/,Straw Poll,Interpolated Unanimous Tally,5,0,0,N/A (No PR linked),N/A (No Discussion linked)
92,N/A,2026-08-23,"""Poll: Public/internal handling — what behavior do we want?"" — Ideas-category poll shaping PEPs 842, 843 and 844",842,https://discuss.python.org/t/poll-public-internal-handling-what-behavior-do-we-want/108706,Straw Poll,Interpolated Unanimous Tally,5,0,0,N/A (No PR linked),https://discuss.python.org/t/poll-public-internal-handling-what-behavior-do-we-want/108706
93,N/A,2026-08-23,"""Poll: Public/internal handling — what behavior do we want?"" — Ideas-category poll shaping PEPs 842, 843 and 844",843,https://discuss.python.org/t/poll-public-internal-handling-what-behavior-do-we-want/108706,Straw Poll,Interpolated Unanimous Tally,5,0,0,N/A (No PR linked),https://discuss.python.org/t/poll-public-internal-handling-what-behavior-do-we-want/108706
94,N/A,2026-08-23,"""Poll: Public/internal handling — what behavior do we want?"" — Ideas-category poll shaping PEPs 842, 843 and 844",844,https://discuss.python.org/t/poll-public-internal-handling-what-behavior-do-we-want/108706,Straw Poll,Interpolated Unanimous Tally,5,0,0,N/A (No PR linked),https://discuss.python.org/t/poll-public-internal-handling-what-behavior-do-we-want/108706
95,N/A,2026-09,"2026 Python Packaging Council inaugural election (voting, parallel with PSF Board election)",772,https://www.python.org/nominations/elections/2026-python-packaging-council/nominees/,Straw Poll,Interpolated Unanimous Tally,5,0,0,N/A (No PR linked),N/A (No Discussion linked)
